,index,label,prediction,FinalLabel
0,58,1,2,False
1,357,7,3,False
2,219,4,2,False
3,249,4,2,False
4,164,3,3,True
5,226,4,5,False
6,448,10,6,False
7,82,1,0,False
8,391,8,6,False
9,45,1,1,True
10,467,11,5,False
11,412,8,11,False
12,429,9,9,True
13,406,8,6,False
14,446,10,11,False
15,39,0,0,True
16,462,11,9,False
17,80,1,7,False
18,186,3,3,True
19,88,1,1,True
20,289,5,11,False
21,418,8,5,False
22,163,3,1,False
23,211,3,1,False
24,474,11,9,False
25,194,3,2,False
26,231,4,1,False
27,359,7,5,False
28,393,8,6,False
29,301,5,1,False
30,2,0,1,False
31,41,0,0,True
32,281,5,2,False
33,48,1,0,False
34,185,3,3,True
35,139,2,2,True
36,207,3,1,False
37,434,9,11,False
38,229,4,5,False
39,257,4,3,False
40,481,11,9,False
41,349,6,0,False
42,442,9,5,False
43,189,3,3,True
44,378,7,8,False
45,196,3,2,False
46,309,5,2,False
47,232,4,1,False
48,133,2,1,False
49,282,5,0,False
50,34,0,1,False
51,222,4,2,False
52,390,8,8,True
53,447,10,4,False
54,7,0,0,True
55,340,6,5,False
56,83,1,0,False
57,165,3,3,True
58,334,6,3,False
59,43,0,1,False
60,152,2,1,False
61,148,2,1,False
62,392,8,6,False
63,1,0,1,False
64,366,7,3,False
65,360,7,4,False
66,252,4,2,False
67,150,2,2,True
68,31,0,0,True
69,358,7,5,False
70,332,6,5,False
71,439,9,5,False
72,341,6,6,True
73,421,9,6,False
74,342,6,6,True
75,5,0,0,True
76,400,8,5,False
77,9,0,0,True
78,294,5,5,True
79,388,8,3,False
80,323,6,6,True
81,181,3,2,False
82,333,6,6,True
83,298,5,5,True
84,420,9,11,False
85,155,2,0,False
86,25,0,0,True
87,365,7,5,False
88,272,5,1,False
89,29,0,0,True
90,325,6,0,False
91,386,7,3,False
92,352,7,6,False
93,71,1,1,True
94,117,2,2,True
95,248,4,4,True
96,461,11,5,False
97,310,5,6,False
98,89,1,0,False
99,69,1,1,True
100,387,8,6,False
101,452,10,6,False
102,351,6,4,False
103,95,1,1,True
104,271,5,5,True
105,389,8,11,False
106,453,10,5,False
107,422,9,11,False
108,331,6,5,False
109,84,1,2,False
110,234,4,5,False
111,136,2,0,False
112,238,4,1,False
113,208,3,2,False
114,17,0,1,False
115,479,11,8,False
116,339,6,6,True
117,427,9,9,True
118,26,0,0,True
119,314,6,4,False
120,47,1,0,False
121,33,0,1,False
122,455,10,8,False
123,15,0,1,False
124,321,6,6,True
125,255,4,5,False
126,78,1,0,False
127,140,2,1,False
128,8,0,1,False
129,302,5,2,False
130,225,4,0,False
131,471,11,11,True
132,275,5,2,False
133,374,7,5,False
134,477,11,8,False
135,458,10,9,False
136,438,9,6,False
137,53,1,0,False
138,291,5,3,False
139,10,0,0,True
140,260,4,4,True
141,121,2,2,True
142,410,8,8,True
143,239,4,3,False
144,137,2,2,True
145,214,4,3,False
146,21,0,0,True
147,433,9,11,False
148,27,0,2,False
149,296,5,5,True
150,403,8,3,False
151,184,3,1,False
152,235,4,2,False
153,161,3,3,True
154,176,3,2,False
155,464,11,5,False
156,66,1,0,False
157,384,7,8,False
158,292,5,5,True
159,363,7,3,False
160,142,2,3,False
161,295,5,3,False
162,300,5,3,False
163,382,7,3,False
164,135,2,4,False
165,354,7,6,False
166,454,10,6,False
167,36,0,0,True
168,175,3,6,False
169,317,6,6,True
170,262,5,4,False
171,170,3,2,False
172,213,4,6,False
173,379,7,6,False
174,119,2,3,False
175,212,3,2,False
176,276,5,7,False
177,285,5,3,False
178,104,2,1,False
179,297,5,5,True
180,11,0,1,False
181,405,8,6,False
182,206,3,0,False
183,469,11,11,True
184,153,2,5,False
185,344,6,3,False
186,437,9,11,False
187,245,4,3,False
188,107,2,2,True
189,197,3,1,False
190,112,2,3,False
191,367,7,3,False
192,221,4,0,False
193,241,4,3,False
194,278,5,1,False
195,237,4,2,False
196,100,2,2,True
197,375,7,2,False
198,35,0,0,True
199,432,9,5,False
200,4,0,0,True
201,413,8,8,True
202,210,3,2,False
203,28,0,6,False
204,157,2,1,False
205,120,2,2,True
206,315,6,2,False
207,445,10,6,False
208,200,3,2,False
209,328,6,3,False
210,385,7,6,False
211,55,1,1,True
212,79,1,0,False
213,267,5,3,False
214,87,1,0,False
215,246,4,6,False
216,63,1,2,False
217,312,6,5,False
218,227,4,3,False
219,287,5,5,True
220,305,5,2,False
221,96,1,2,False
222,414,8,5,False
223,171,3,2,False
224,193,3,4,False
225,188,3,3,True
226,480,11,11,True
227,198,3,2,False
228,279,5,3,False
229,129,2,1,False
230,240,4,2,False
231,355,7,7,True
232,116,2,4,False
233,478,11,11,True
234,404,8,2,False
235,320,6,1,False
236,64,1,1,True
237,324,6,5,False
238,274,5,5,True
239,179,3,0,False
240,233,4,2,False
241,77,1,2,False
242,174,3,2,False
243,401,8,6,False
244,371,7,4,False
245,90,1,2,False
246,475,11,6,False
247,93,1,2,False
248,444,10,9,False
249,283,5,4,False
250,180,3,3,True
251,473,11,9,False
252,191,3,2,False
253,228,4,2,False
254,182,3,1,False
255,49,1,2,False
256,126,2,2,True
257,52,1,2,False
258,451,10,6,False
259,156,2,2,True
260,158,2,2,True
261,20,0,0,True
262,273,5,3,False
263,166,3,4,False
264,216,4,3,False
265,419,9,9,True
266,369,7,4,False
267,373,7,5,False
268,482,11,11,True
269,299,5,0,False
270,398,8,6,False
271,67,1,0,False
272,0,0,0,True
273,470,11,7,False
274,266,5,2,False
275,250,4,4,True
276,476,11,11,True
277,280,5,4,False
278,162,3,1,False
279,416,8,7,False
280,203,3,3,True
281,348,6,6,True
282,6,0,0,True
283,463,11,5,False
284,122,2,2,True
285,149,2,1,False
286,407,8,5,False
287,456,10,5,False
288,12,0,0,True
289,428,9,11,False
290,123,2,2,True
291,329,6,5,False
292,59,1,0,False
293,178,3,1,False
294,253,4,3,False
295,132,2,2,True
296,242,4,5,False
297,23,0,0,True
298,449,10,8,False
299,159,3,3,True
300,50,1,0,False
301,436,9,9,True
302,115,2,2,True
303,201,3,3,True
304,254,4,3,False
305,356,7,5,False
306,199,3,1,False
307,319,6,5,False
308,251,4,2,False
309,106,2,2,True
310,465,11,6,False
311,264,5,5,True
312,417,8,6,False
313,306,5,4,False
314,98,2,1,False
315,16,0,1,False
316,154,2,3,False
317,277,5,2,False
318,338,6,5,False
319,307,5,3,False
320,443,10,11,False
321,108,2,3,False
322,217,4,2,False
323,167,3,2,False
324,304,5,3,False
325,62,1,1,True
326,24,0,0,True
327,293,5,1,False
328,318,6,5,False
329,177,3,3,True
330,61,1,7,False
331,160,3,2,False
332,440,9,7,False
333,408,8,6,False
334,327,6,6,True
335,425,9,6,False
336,94,1,0,False
337,380,7,6,False
338,169,3,3,True
339,19,0,0,True
340,18,0,3,False
341,205,3,2,False
342,114,2,3,False
343,402,8,11,False
344,361,7,8,False
345,364,7,7,True
346,103,2,2,True
347,411,8,5,False
348,141,2,1,False
349,244,4,6,False
350,370,7,3,False
351,350,6,6,True
352,330,6,5,False
353,151,2,1,False
354,460,10,6,False
355,288,5,5,True
356,195,3,2,False
357,362,7,5,False
358,270,5,5,True
359,173,3,2,False
360,259,4,2,False
361,111,2,2,True
362,263,5,3,False
363,51,1,0,False
364,204,3,2,False
365,269,5,2,False
366,215,4,2,False
367,335,6,1,False
368,426,9,6,False
369,72,1,1,True
370,368,7,5,False
371,102,2,4,False
372,125,2,2,True
373,381,7,6,False
374,459,10,8,False
375,105,2,2,True
376,313,6,5,False
377,32,0,0,True
378,345,6,1,False
379,134,2,3,False
380,147,2,2,True
381,190,3,4,False
382,376,7,3,False
383,394,8,6,False
384,399,8,11,False
385,13,0,1,False
386,131,2,3,False
387,3,0,0,True
388,224,4,6,False
389,138,2,2,True
390,124,2,0,False
391,435,9,8,False
392,37,0,1,False
393,65,1,0,False
394,218,4,1,False
395,316,6,6,True
396,322,6,6,True
397,337,6,3,False
398,76,1,0,False
399,70,1,1,True
400,109,2,1,False
401,86,1,1,True
402,92,1,1,True
403,468,11,4,False
404,145,2,3,False
405,466,11,6,False
406,346,6,5,False
407,38,0,0,True
408,97,2,2,True
409,286,5,5,True
410,22,0,1,False
411,472,11,5,False
412,172,3,2,False
413,42,0,4,False
414,347,6,6,True
415,396,8,6,False
416,256,4,5,False
417,14,0,0,True
418,56,1,0,False
419,424,9,6,False
420,423,9,6,False
421,44,1,0,False
422,85,1,0,False
423,73,1,1,True
424,209,3,2,False
425,46,1,1,True
426,60,1,0,False
427,68,1,0,False
428,192,3,5,False
429,223,4,5,False
430,431,9,11,False
431,284,5,5,True
432,397,8,5,False
433,258,4,1,False
434,236,4,0,False
435,220,4,3,False
436,146,2,2,True
437,144,2,3,False
438,187,3,4,False
439,353,7,4,False
440,343,6,6,True
441,99,2,1,False
442,450,10,5,False
443,127,2,2,True
444,409,8,9,False
445,118,2,2,True
446,326,6,2,False
447,261,5,2,False
448,101,2,3,False
449,75,1,0,False
450,40,0,6,False
451,336,6,6,True
452,183,3,1,False
453,457,10,4,False
454,230,4,3,False
455,372,7,9,False
456,243,4,1,False
457,430,9,3,False
458,415,8,6,False
459,143,2,0,False
460,113,2,1,False
461,202,3,3,True
462,81,1,0,False
463,395,8,8,True
464,74,1,0,False
465,247,4,5,False
466,265,5,5,True
467,268,5,4,False
468,383,7,5,False
469,311,6,3,False
470,377,7,6,False
471,290,5,3,False
472,441,9,8,False
473,57,1,0,False
474,168,3,0,False
475,30,0,0,True
476,91,1,0,False
477,303,5,5,True
478,308,5,3,False
479,54,1,1,True
480,130,2,0,False
481,128,2,0,False
482,110,2,2,True
