,index,label,prediction,FinalLabel
0,94,1,0,False
1,429,9,11,False
2,165,3,3,True
3,305,5,2,False
4,268,5,3,False
5,131,2,3,False
6,290,5,5,True
7,342,6,5,False
8,151,2,1,False
9,329,6,0,False
10,303,5,5,True
11,339,6,6,True
12,279,5,4,False
13,208,3,2,False
14,222,4,2,False
15,244,4,6,False
16,13,0,1,False
17,299,5,0,False
18,332,6,5,False
19,19,0,0,True
20,38,0,0,True
21,423,9,11,False
22,307,5,3,False
23,5,0,1,False
24,17,0,1,False
25,478,11,11,True
26,237,4,2,False
27,53,1,0,False
28,141,2,1,False
29,260,4,4,True
30,347,6,8,False
31,441,9,8,False
32,433,9,9,True
33,311,6,5,False
34,73,1,1,True
35,233,4,3,False
36,108,2,3,False
37,291,5,3,False
38,216,4,5,False
39,128,2,1,False
40,231,4,1,False
41,397,8,8,True
42,386,7,3,False
43,232,4,2,False
44,89,1,1,True
45,44,1,1,True
46,72,1,1,True
47,124,2,0,False
48,206,3,1,False
49,188,3,4,False
50,287,5,6,False
51,458,10,9,False
52,439,9,7,False
53,9,0,0,True
54,135,2,4,False
55,33,0,1,False
56,241,4,5,False
57,51,1,0,False
58,71,1,1,True
59,228,4,3,False
60,468,11,5,False
61,338,6,5,False
62,297,5,5,True
63,173,3,2,False
64,57,1,0,False
65,85,1,1,True
66,93,1,1,True
67,259,4,3,False
68,357,7,4,False
69,396,8,6,False
70,138,2,2,True
71,10,0,0,True
72,12,0,0,True
73,78,1,0,False
74,437,9,11,False
75,283,5,5,True
76,181,3,2,False
77,152,2,1,False
78,81,1,1,True
79,422,9,11,False
80,399,8,11,False
81,6,0,0,True
82,295,5,5,True
83,75,1,0,False
84,43,0,1,False
85,113,2,1,False
86,320,6,2,False
87,110,2,3,False
88,236,4,0,False
89,304,5,4,False
90,353,7,5,False
91,379,7,7,True
92,213,4,6,False
93,154,2,3,False
94,101,2,3,False
95,450,10,5,False
96,97,2,2,True
97,455,10,6,False
98,368,7,6,False
99,2,0,1,False
100,409,8,9,False
101,435,9,8,False
102,59,1,0,False
103,96,1,3,False
104,444,10,9,False
105,58,1,3,False
106,0,0,1,False
107,99,2,1,False
108,314,6,5,False
109,324,6,5,False
110,76,1,1,True
111,446,10,9,False
112,209,3,2,False
113,459,10,8,False
114,207,3,3,True
115,294,5,5,True
116,20,0,0,True
117,367,7,4,False
118,436,9,9,True
119,482,11,11,True
120,410,8,6,False
121,337,6,7,False
122,376,7,3,False
123,465,11,8,False
124,119,2,7,False
125,150,2,2,True
126,32,0,0,True
127,27,0,1,False
128,90,1,2,False
129,52,1,2,False
130,253,4,4,True
131,182,3,2,False
132,278,5,2,False
133,412,8,11,False
134,212,3,3,True
135,425,9,6,False
136,415,8,9,False
137,300,5,5,True
138,168,3,0,False
139,276,5,7,False
140,162,3,2,False
141,50,1,1,True
142,172,3,2,False
143,361,7,8,False
144,363,7,5,False
145,261,5,3,False
146,190,3,3,True
147,126,2,2,True
148,175,3,5,False
149,24,0,0,True
150,365,7,5,False
151,106,2,3,False
152,334,6,5,False
153,369,7,5,False
154,36,0,1,False
155,180,3,5,False
156,198,3,5,False
157,28,0,7,False
158,479,11,10,False
159,345,6,5,False
160,282,5,0,False
161,201,3,3,True
162,148,2,1,False
163,87,1,0,False
164,262,5,5,True
165,317,6,7,False
166,403,8,3,False
167,474,11,11,True
168,202,3,3,True
169,477,11,11,True
170,25,0,0,True
171,45,1,2,False
172,387,8,8,True
173,42,0,5,False
174,267,5,5,True
175,430,9,5,False
176,11,0,1,False
177,265,5,5,True
178,263,5,3,False
179,127,2,3,False
180,70,1,1,True
181,454,10,6,False
182,390,8,7,False
183,296,5,5,True
184,197,3,1,False
185,284,5,5,True
186,77,1,2,False
187,373,7,5,False
188,251,4,3,False
189,274,5,5,True
190,160,3,2,False
191,375,7,3,False
192,115,2,3,False
193,183,3,1,False
194,14,0,0,True
195,335,6,1,False
196,319,6,6,True
197,169,3,3,True
198,116,2,3,False
199,350,6,6,True
200,452,10,6,False
201,394,8,7,False
202,83,1,1,True
203,393,8,7,False
204,199,3,0,False
205,401,8,8,True
206,404,8,3,False
207,129,2,0,False
208,137,2,2,True
209,302,5,3,False
210,170,3,2,False
211,214,4,5,False
212,258,4,1,False
213,195,3,2,False
214,153,2,7,False
215,243,4,2,False
216,100,2,2,True
217,203,3,3,True
218,480,11,11,True
219,189,3,3,True
220,453,10,5,False
221,346,6,6,True
222,65,1,1,True
223,371,7,4,False
224,167,3,2,False
225,225,4,0,False
226,224,4,6,False
227,418,8,7,False
228,475,11,6,False
229,174,3,2,False
230,139,2,2,True
231,424,9,6,False
232,145,2,3,False
233,239,4,5,False
234,325,6,1,False
235,158,2,3,False
236,248,4,4,True
237,315,6,3,False
238,432,9,7,False
239,112,2,3,False
240,391,8,6,False
241,204,3,3,True
242,177,3,3,True
243,235,4,3,False
244,481,11,8,False
245,407,8,5,False
246,132,2,3,False
247,273,5,5,True
248,431,9,9,True
249,310,5,6,False
250,366,7,7,True
251,15,0,2,False
252,196,3,2,False
253,370,7,3,False
254,200,3,3,True
255,179,3,1,False
256,323,6,7,False
257,257,4,5,False
258,264,5,4,False
259,107,2,2,True
260,114,2,3,False
261,281,5,3,False
262,336,6,5,False
263,331,6,5,False
264,226,4,5,False
265,426,9,7,False
266,161,3,3,True
267,62,1,1,True
268,462,11,9,False
269,355,7,7,True
270,49,1,3,False
271,69,1,1,True
272,109,2,1,False
273,146,2,3,False
274,476,11,9,False
275,362,7,5,False
276,22,0,1,False
277,184,3,2,False
278,280,5,3,False
279,215,4,3,False
280,54,1,2,False
281,359,7,3,False
282,318,6,7,False
283,122,2,2,True
284,29,0,0,True
285,275,5,3,False
286,88,1,1,True
287,288,5,7,False
288,328,6,3,False
289,63,1,1,True
290,293,5,2,False
291,464,11,5,False
292,321,6,6,True
293,133,2,1,False
294,18,0,0,True
295,292,5,5,True
296,79,1,1,True
297,7,0,0,True
298,249,4,2,False
299,322,6,6,True
300,250,4,5,False
301,123,2,2,True
302,35,0,0,True
303,60,1,0,False
304,374,7,6,False
305,155,2,0,False
306,343,6,8,False
307,378,7,7,True
308,402,8,11,False
309,16,0,1,False
310,438,9,9,True
311,308,5,3,False
312,473,11,9,False
313,272,5,2,False
314,84,1,2,False
315,3,0,0,True
316,460,10,6,False
317,256,4,6,False
318,229,4,5,False
319,388,8,3,False
320,380,7,5,False
321,377,7,11,False
322,242,4,5,False
323,130,2,1,False
324,163,3,2,False
325,414,8,7,False
326,400,8,5,False
327,221,4,1,False
328,156,2,3,False
329,247,4,4,True
330,392,8,8,True
331,463,11,8,False
332,470,11,9,False
333,445,10,5,False
334,125,2,1,False
335,117,2,2,True
336,434,9,11,False
337,136,2,0,False
338,164,3,2,False
339,143,2,0,False
340,467,11,6,False
341,472,11,5,False
342,111,2,3,False
343,66,1,0,False
344,420,9,11,False
345,205,3,3,True
346,301,5,2,False
347,306,5,6,False
348,254,4,2,False
349,277,5,3,False
350,185,3,5,False
351,428,9,11,False
352,55,1,1,True
353,26,0,0,True
354,61,1,7,False
355,194,3,2,False
356,121,2,3,False
357,118,2,3,False
358,191,3,3,True
359,39,0,1,False
360,382,7,5,False
361,405,8,6,False
362,456,10,5,False
363,451,10,8,False
364,411,8,5,False
365,349,6,2,False
366,147,2,2,True
367,457,10,3,False
368,157,2,2,True
369,427,9,10,False
370,358,7,7,True
371,448,10,6,False
372,271,5,4,False
373,223,4,6,False
374,187,3,5,False
375,64,1,2,False
376,30,0,0,True
377,47,1,1,True
378,186,3,3,True
379,178,3,2,False
380,105,2,1,False
381,21,0,0,True
382,289,5,6,False
383,134,2,7,False
384,98,2,2,True
385,298,5,5,True
386,8,0,1,False
387,91,1,1,True
388,144,2,3,False
389,389,8,11,False
390,449,10,11,False
391,218,4,2,False
392,255,4,5,False
393,211,3,1,False
394,234,4,6,False
395,364,7,6,False
396,238,4,2,False
397,140,2,1,False
398,419,9,9,True
399,269,5,2,False
400,142,2,7,False
401,352,7,8,False
402,408,8,7,False
403,219,4,3,False
404,86,1,1,True
405,4,0,0,True
406,466,11,6,False
407,398,8,6,False
408,469,11,11,True
409,246,4,6,False
410,385,7,7,True
411,340,6,5,False
412,92,1,3,False
413,40,0,6,False
414,56,1,1,True
415,95,1,2,False
416,383,7,7,True
417,395,8,6,False
418,413,8,8,True
419,80,1,0,False
420,240,4,3,False
421,443,10,11,False
422,192,3,7,False
423,442,9,5,False
424,406,8,5,False
425,67,1,0,False
426,149,2,1,False
427,270,5,5,True
428,103,2,2,True
429,316,6,8,False
430,416,8,7,False
431,440,9,5,False
432,266,5,2,False
433,46,1,1,True
434,74,1,0,False
435,330,6,5,False
436,166,3,7,False
437,230,4,4,True
438,286,5,5,True
439,104,2,2,True
440,245,4,4,True
441,34,0,1,False
442,360,7,7,True
443,421,9,6,False
444,372,7,9,False
445,102,2,5,False
446,68,1,1,True
447,210,3,3,True
448,313,6,6,True
449,471,11,11,True
450,31,0,0,True
451,348,6,6,True
452,252,4,2,False
453,381,7,9,False
454,193,3,4,False
455,48,1,1,True
456,356,7,8,False
457,309,5,4,False
458,354,7,6,False
459,384,7,8,False
460,171,3,2,False
461,82,1,0,False
462,217,4,2,False
463,159,3,3,True
464,351,6,4,False
465,41,0,0,True
466,447,10,8,False
467,461,11,6,False
468,120,2,2,True
469,341,6,6,True
470,327,6,6,True
471,285,5,3,False
472,1,0,0,True
473,417,8,8,True
474,37,0,0,True
475,227,4,4,True
476,176,3,2,False
477,220,4,4,True
478,312,6,11,False
479,344,6,3,False
480,333,6,6,True
481,23,0,0,True
482,326,6,2,False
